ss ss,ss@dd.ddd,dddddd,2024-11-20T18:05:28.653886400,student
ste cunto,ste@gmail.com,123456,2024-11-20T18:08:53.515929800,student
ste cunto,ste@gmail.com,123456,2024-11-20T18:10:59.979435900,student
SS SS,SS@D.DDD,123456,2024-11-20T19:02:49.363198200,student
ss ss,ss@gm.aa,123456,2024-11-20T19:06:47.319319600,student
ss ss,sss@sss.sss,123456,2024-11-20T19:08:32.390081700,student
ss ss,sss@sss.sss,123456,2024-11-20T19:08:33.664338700,student
ss ss,sss@sss.sss,123456,2024-11-20T19:08:34.819807,student
ss ss,sss@sss.sss,123456,2024-11-20T19:08:35.375259200,student
ss ss,sss@sss.sss,123456,2024-11-20T19:08:35.594052300,student
ss ss,sss@sss.sss,123456,2024-11-20T19:08:36.166277200,student
ss ss,sss@sss.sss,123456,2024-11-20T19:08:36.467617200,student
ss ss,sss@sss.sss,123456,2024-11-20T19:08:36.658460800,student
ss ss,sss@sss.sss,123456,2024-11-20T19:08:36.811380400,student
ss ss,sss@sss.sss,123456,2024-11-20T19:08:36.961519600,student
ss ss,sss@sss.sss,123456,2024-11-20T19:08:37.273297700,student
ss ss,sss@sss.sss,123456,2024-11-20T19:08:37.496705500,student
dd dd,ss@ddd.dd,123456,2024-11-20T19:09:10.599359600,student
ss ss,ss@sss.sss,123456,2024-11-20T19:12:38.177031,student
sss ss,ss@ss.ss,123456,2024-11-20T19:14:04.645141400,student
ss sss,ss@dd.dd,123456,2024-11-20T19:38:23.309632900,student
ss ss,ss@dd.dd,123456,2024-11-20T19:39:35.074069600,student
gg gg,gg@hh.oo,123456,2024-11-20T19:43:19.763543400,student
hh hh,hh@kk.ll,123456,2024-11-20T19:44:44.878884900,student
